[
  {
    "model": "libraries.library",
    "pk": 1,
    "fields": {
      "user": 17,
      "book": 14,
      "added_at": "2025-05-26T11:09:49.198517"
    }
  },
  {
    "model": "libraries.library",
    "pk": 2,
    "fields": {
      "user": 20,
      "book": 7,
      "added_at": "2025-05-26T11:09:49.198533"
    }
  },
  {
    "model": "libraries.library",
    "pk": 3,
    "fields": {
      "user": 9,
      "book": 37,
      "added_at": "2025-05-26T11:09:49.198538"
    }
  },
  {
    "model": "libraries.library",
    "pk": 4,
    "fields": {
      "user": 10,
      "book": 48,
      "added_at": "2025-05-26T11:09:49.198543"
    }
  },
  {
    "model": "libraries.library",
    "pk": 5,
    "fields": {
      "user": 5,
      "book": 40,
      "added_at": "2025-05-26T11:09:49.198548"
    }
  },
  {
    "model": "libraries.library",
    "pk": 6,
    "fields": {
      "user": 5,
      "book": 5,
      "added_at": "2025-05-26T11:09:49.198552"
    }
  },
  {
    "model": "libraries.library",
    "pk": 7,
    "fields": {
      "user": 10,
      "book": 15,
      "added_at": "2025-05-26T11:09:49.198557"
    }
  },
  {
    "model": "libraries.library",
    "pk": 8,
    "fields": {
      "user": 6,
      "book": 28,
      "added_at": "2025-05-26T11:09:49.198563"
    }
  },
  {
    "model": "libraries.library",
    "pk": 9,
    "fields": {
      "user": 16,
      "book": 44,
      "added_at": "2025-05-26T11:09:49.198568"
    }
  },
  {
    "model": "libraries.library",
    "pk": 10,
    "fields": {
      "user": 3,
      "book": 12,
      "added_at": "2025-05-26T11:09:49.198573"
    }
  },
  {
    "model": "libraries.library",
    "pk": 11,
    "fields": {
      "user": 15,
      "book": 11,
      "added_at": "2025-05-26T11:09:49.198576"
    }
  },
  {
    "model": "libraries.library",
    "pk": 12,
    "fields": {
      "user": 19,
      "book": 7,
      "added_at": "2025-05-26T11:09:49.198579"
    }
  },
  {
    "model": "libraries.library",
    "pk": 13,
    "fields": {
      "user": 19,
      "book": 10,
      "added_at": "2025-05-26T11:09:49.198582"
    }
  },
  {
    "model": "libraries.library",
    "pk": 14,
    "fields": {
      "user": 9,
      "book": 34,
      "added_at": "2025-05-26T11:09:49.198585"
    }
  },
  {
    "model": "libraries.library",
    "pk": 15,
    "fields": {
      "user": 8,
      "book": 42,
      "added_at": "2025-05-26T11:09:49.198590"
    }
  },
  {
    "model": "libraries.library",
    "pk": 16,
    "fields": {
      "user": 4,
      "book": 30,
      "added_at": "2025-05-26T11:09:49.198594"
    }
  },
  {
    "model": "libraries.library",
    "pk": 17,
    "fields": {
      "user": 5,
      "book": 12,
      "added_at": "2025-05-26T11:09:49.198599"
    }
  },
  {
    "model": "libraries.library",
    "pk": 18,
    "fields": {
      "user": 15,
      "book": 42,
      "added_at": "2025-05-26T11:09:49.198604"
    }
  },
  {
    "model": "libraries.library",
    "pk": 19,
    "fields": {
      "user": 9,
      "book": 44,
      "added_at": "2025-05-26T11:09:49.198608"
    }
  },
  {
    "model": "libraries.library",
    "pk": 20,
    "fields": {
      "user": 18,
      "book": 7,
      "added_at": "2025-05-26T11:09:49.198613"
    }
  },
  {
    "model": "libraries.library",
    "pk": 21,
    "fields": {
      "user": 9,
      "book": 50,
      "added_at": "2025-05-26T11:09:49.198617"
    }
  },
  {
    "model": "libraries.library",
    "pk": 22,
    "fields": {
      "user": 8,
      "book": 49,
      "added_at": "2025-05-26T11:09:49.198621"
    }
  },
  {
    "model": "libraries.library",
    "pk": 23,
    "fields": {
      "user": 8,
      "book": 50,
      "added_at": "2025-05-26T11:09:49.198626"
    }
  },
  {
    "model": "libraries.library",
    "pk": 24,
    "fields": {
      "user": 15,
      "book": 47,
      "added_at": "2025-05-26T11:09:49.198630"
    }
  },
  {
    "model": "libraries.library",
    "pk": 25,
    "fields": {
      "user": 3,
      "book": 14,
      "added_at": "2025-05-26T11:09:49.198633"
    }
  },
  {
    "model": "libraries.library",
    "pk": 26,
    "fields": {
      "user": 19,
      "book": 42,
      "added_at": "2025-05-26T11:09:49.198636"
    }
  },
  {
    "model": "libraries.library",
    "pk": 27,
    "fields": {
      "user": 8,
      "book": 24,
      "added_at": "2025-05-26T11:09:49.198639"
    }
  },
  {
    "model": "libraries.library",
    "pk": 28,
    "fields": {
      "user": 1,
      "book": 50,
      "added_at": "2025-05-26T11:09:49.198642"
    }
  },
  {
    "model": "libraries.library",
    "pk": 29,
    "fields": {
      "user": 7,
      "book": 14,
      "added_at": "2025-05-26T11:09:49.198645"
    }
  },
  {
    "model": "libraries.library",
    "pk": 30,
    "fields": {
      "user": 20,
      "book": 43,
      "added_at": "2025-05-26T11:09:49.198649"
    }
  },
  {
    "model": "reviews.review",
    "pk": 1,
    "fields": {
      "user": 13,
      "book": 12,
      "rating": 3,
      "content": "Culpa illum labore dolor magni architecto. Nihil eveniet deserunt ut. Earum voluptatum ipsam amet. Fugit explicabo magni ipsa non.",
      "book_category_at_review": "소설",
      "created_at": "2025-05-26T11:09:49.199159",
      "updated_at": "2025-05-26T11:09:49.199167"
    }
  },
  {
    "model": "reviews.review",
    "pk": 2,
    "fields": {
      "user": 19,
      "book": 45,
      "rating": 3,
      "content": "Tempora aliquam omnis similique perspiciatis laborum expedita natus. Repudiandae dolores assumenda facilis eius. Iste nesciunt soluta animi modi tempore.",
      "book_category_at_review": "과학",
      "created_at": "2025-05-26T11:09:49.199227",
      "updated_at": "2025-05-26T11:09:49.199230"
    }
  },
  {
    "model": "reviews.review",
    "pk": 3,
    "fields": {
      "user": 11,
      "book": 3,
      "rating": 3,
      "content": "Voluptate officia fuga iusto commodi facere. Quia cupiditate quo esse amet voluptate quasi. Soluta nam tempora minus.",
      "book_category_at_review": "기타",
      "created_at": "2025-05-26T11:09:49.199270",
      "updated_at": "2025-05-26T11:09:49.199272"
    }
  },
  {
    "model": "reviews.review",
    "pk": 4,
    "fields": {
      "user": 3,
      "book": 41,
      "rating": 4,
      "content": "Quibusdam rem deserunt cumque. Nam eligendi quis vel non architecto earum. Aut illum expedita nemo commodi totam incidunt.",
      "book_category_at_review": "사회",
      "created_at": "2025-05-26T11:09:49.199299",
      "updated_at": "2025-05-26T11:09:49.199300"
    }
  },
  {
    "model": "reviews.review",
    "pk": 5,
    "fields": {
      "user": 2,
      "book": 23,
      "rating": 4,
      "content": "Id optio nam. Porro illum aperiam corporis aliquid blanditiis exercitationem consequatur. Reiciendis culpa ea ipsa.",
      "book_category_at_review": "기타",
      "created_at": "2025-05-26T11:09:49.199325",
      "updated_at": "2025-05-26T11:09:49.199327"
    }
  },
  {
    "model": "reviews.review",
    "pk": 6,
    "fields": {
      "user": 5,
      "book": 21,
      "rating": 5,
      "content": "Laboriosam qui consequatur. Iure quisquam explicabo.",
      "book_category_at_review": "소설",
      "created_at": "2025-05-26T11:09:49.199345",
      "updated_at": "2025-05-26T11:09:49.199346"
    }
  },
  {
    "model": "reviews.review",
    "pk": 7,
    "fields": {
      "user": 19,
      "book": 28,
      "rating": 5,
      "content": "Iure iure est. Libero voluptatem saepe officiis itaque vitae nostrum. Tempore voluptatum quidem sed sunt.",
      "book_category_at_review": "자기계발",
      "created_at": "2025-05-26T11:09:49.199370",
      "updated_at": "2025-05-26T11:09:49.199372"
    }
  },
  {
    "model": "reviews.review",
    "pk": 8,
    "fields": {
      "user": 19,
      "book": 44,
      "rating": 3,
      "content": "Ratione sed natus recusandae.",
      "book_category_at_review": "과학",
      "created_at": "2025-05-26T11:09:49.199391",
      "updated_at": "2025-05-26T11:09:49.199393"
    }
  },
  {
    "model": "reviews.review",
    "pk": 9,
    "fields": {
      "user": 17,
      "book": 50,
      "rating": 3,
      "content": "Quibusdam facilis enim unde culpa dicta vel.",
      "book_category_at_review": "기타",
      "created_at": "2025-05-26T11:09:49.199711",
      "updated_at": "2025-05-26T11:09:49.199717"
    }
  },
  {
    "model": "reviews.review",
    "pk": 10,
    "fields": {
      "user": 19,
      "book": 28,
      "rating": 5,
      "content": "Pariatur excepturi amet amet corrupti error aperiam. Quod magni cumque vitae quo.",
      "book_category_at_review": "소설",
      "created_at": "2025-05-26T11:09:49.199760",
      "updated_at": "2025-05-26T11:09:49.199763"
    }
  },
  {
    "model": "reviews.review",
    "pk": 11,
    "fields": {
      "user": 10,
      "book": 44,
      "rating": 3,
      "content": "Natus placeat sunt quod ad quasi officia.",
      "book_category_at_review": "사회",
      "created_at": "2025-05-26T11:09:49.199789",
      "updated_at": "2025-05-26T11:09:49.199792"
    }
  },
  {
    "model": "reviews.review",
    "pk": 12,
    "fields": {
      "user": 16,
      "book": 33,
      "rating": 5,
      "content": "Necessitatibus facilis ipsum hic veritatis consequatur. Veritatis perspiciatis suscipit omnis cumque dolore eum facere.",
      "book_category_at_review": "기타",
      "created_at": "2025-05-26T11:09:49.199822",
      "updated_at": "2025-05-26T11:09:49.199826"
    }
  },
  {
    "model": "reviews.review",
    "pk": 13,
    "fields": {
      "user": 15,
      "book": 47,
      "rating": 5,
      "content": "Aperiam nobis dolores earum nihil maiores. Incidunt ex corrupti. Suscipit possimus quasi iure iusto corporis ipsam. Architecto quas doloribus officia.",
      "book_category_at_review": "철학",
      "created_at": "2025-05-26T11:09:49.199864",
      "updated_at": "2025-05-26T11:09:49.199866"
    }
  },
  {
    "model": "reviews.review",
    "pk": 14,
    "fields": {
      "user": 14,
      "book": 49,
      "rating": 5,
      "content": "Reprehenderit deserunt illum quas quaerat blanditiis illo quae. Deleniti inventore pariatur temporibus. A natus illo optio officia eum reiciendis.",
      "book_category_at_review": "기타",
      "created_at": "2025-05-26T11:09:49.199890",
      "updated_at": "2025-05-26T11:09:49.199892"
    }
  },
  {
    "model": "reviews.review",
    "pk": 15,
    "fields": {
      "user": 13,
      "book": 8,
      "rating": 3,
      "content": "Rem minima reprehenderit perspiciatis. Recusandae vitae dolorum placeat.",
      "book_category_at_review": "사회",
      "created_at": "2025-05-26T11:09:49.199909",
      "updated_at": "2025-05-26T11:09:49.199910"
    }
  },
  {
    "model": "reviews.review",
    "pk": 16,
    "fields": {
      "user": 8,
      "book": 39,
      "rating": 5,
      "content": "Aliquid maxime natus aperiam. Voluptatum architecto id repellendus dolorem non molestiae aut. Beatae quisquam reiciendis quo sit ad.",
      "book_category_at_review": "기타",
      "created_at": "2025-05-26T11:09:49.199932",
      "updated_at": "2025-05-26T11:09:49.199934"
    }
  },
  {
    "model": "reviews.review",
    "pk": 17,
    "fields": {
      "user": 6,
      "book": 20,
      "rating": 3,
      "content": "Veritatis optio architecto beatae incidunt enim. Non deserunt dolor minima corrupti enim dicta nobis. Rem fugiat quis nulla distinctio libero mollitia.",
      "book_category_at_review": "과학",
      "created_at": "2025-05-26T11:09:49.199956",
      "updated_at": "2025-05-26T11:09:49.199958"
    }
  },
  {
    "model": "reviews.review",
    "pk": 18,
    "fields": {
      "user": 7,
      "book": 4,
      "rating": 3,
      "content": "Impedit quas quibusdam dicta facilis. Expedita minus commodi ducimus temporibus enim voluptatibus.",
      "book_category_at_review": "과학",
      "created_at": "2025-05-26T11:09:49.199975",
      "updated_at": "2025-05-26T11:09:49.199977"
    }
  },
  {
    "model": "reviews.review",
    "pk": 19,
    "fields": {
      "user": 12,
      "book": 12,
      "rating": 4,
      "content": "Quidem quisquam dolorum occaecati repellendus ratione quas. Vero eius dicta voluptatum aliquam perferendis enim nulla.",
      "book_category_at_review": "기타",
      "created_at": "2025-05-26T11:09:49.199999",
      "updated_at": "2025-05-26T11:09:49.200001"
    }
  },
  {
    "model": "reviews.review",
    "pk": 20,
    "fields": {
      "user": 12,
      "book": 19,
      "rating": 5,
      "content": "Labore non hic officiis iusto quia corporis. Quae molestias ratione reprehenderit distinctio vero molestias veniam. Placeat veniam numquam.",
      "book_category_at_review": "사회",
      "created_at": "2025-05-26T11:09:49.200033",
      "updated_at": "2025-05-26T11:09:49.200035"
    }
  },
  {
    "model": "reviews.review",
    "pk": 21,
    "fields": {
      "user": 20,
      "book": 19,
      "rating": 5,
      "content": "Aut harum quas dolore sunt excepturi quidem quod. Nihil commodi nulla molestias nobis facilis cum. Dignissimos possimus dignissimos tempora minus.",
      "book_category_at_review": "철학",
      "created_at": "2025-05-26T11:09:49.200058",
      "updated_at": "2025-05-26T11:09:49.200059"
    }
  },
  {
    "model": "reviews.review",
    "pk": 22,
    "fields": {
      "user": 7,
      "book": 10,
      "rating": 5,
      "content": "Voluptatibus odit animi ducimus aliquid maiores eum. Quas odio magni ducimus expedita. Temporibus et voluptates modi.",
      "book_category_at_review": "소설",
      "created_at": "2025-05-26T11:09:49.200086",
      "updated_at": "2025-05-26T11:09:49.200089"
    }
  },
  {
    "model": "reviews.review",
    "pk": 23,
    "fields": {
      "user": 19,
      "book": 40,
      "rating": 5,
      "content": "Non porro illo repellat. Molestias quidem quia ex.",
      "book_category_at_review": "자기계발",
      "created_at": "2025-05-26T11:09:49.200116",
      "updated_at": "2025-05-26T11:09:49.200119"
    }
  },
  {
    "model": "reviews.review",
    "pk": 24,
    "fields": {
      "user": 15,
      "book": 4,
      "rating": 5,
      "content": "Cum adipisci ipsa culpa enim eos incidunt. Maiores consequatur quidem sapiente corrupti consectetur. Quibusdam nam iusto consectetur neque dicta.",
      "book_category_at_review": "과학",
      "created_at": "2025-05-26T11:09:49.200152",
      "updated_at": "2025-05-26T11:09:49.200154"
    }
  },
  {
    "model": "reviews.review",
    "pk": 25,
    "fields": {
      "user": 18,
      "book": 12,
      "rating": 4,
      "content": "Veniam necessitatibus perspiciatis. Magni exercitationem autem eaque earum corporis voluptatum aspernatur. Vero eveniet tempora dolore quod.",
      "book_category_at_review": "소설",
      "created_at": "2025-05-26T11:09:49.200177",
      "updated_at": "2025-05-26T11:09:49.200178"
    }
  },
  {
    "model": "reviews.review",
    "pk": 26,
    "fields": {
      "user": 11,
      "book": 21,
      "rating": 3,
      "content": "Optio deleniti aspernatur ullam officiis. Dignissimos necessitatibus aut sed ratione. Rem reprehenderit ea cumque.",
      "book_category_at_review": "소설",
      "created_at": "2025-05-26T11:09:49.200201",
      "updated_at": "2025-05-26T11:09:49.200203"
    }
  },
  {
    "model": "reviews.review",
    "pk": 27,
    "fields": {
      "user": 15,
      "book": 50,
      "rating": 4,
      "content": "Odio a ullam sequi dolorum neque. Sequi nesciunt officiis aspernatur expedita dolorem quaerat. Repellendus cupiditate aliquam dicta.",
      "book_category_at_review": "사회",
      "created_at": "2025-05-26T11:09:49.200225",
      "updated_at": "2025-05-26T11:09:49.200227"
    }
  },
  {
    "model": "reviews.review",
    "pk": 28,
    "fields": {
      "user": 10,
      "book": 30,
      "rating": 5,
      "content": "Sequi esse labore et accusantium. Occaecati blanditiis hic suscipit nesciunt. Earum reprehenderit vel iusto optio quam est dolore.",
      "book_category_at_review": "자기계발",
      "created_at": "2025-05-26T11:09:49.200261",
      "updated_at": "2025-05-26T11:09:49.200264"
    }
  },
  {
    "model": "reviews.review",
    "pk": 29,
    "fields": {
      "user": 1,
      "book": 39,
      "rating": 5,
      "content": "Voluptas provident deleniti illo commodi explicabo nam perspiciatis. Expedita a laboriosam beatae beatae.",
      "book_category_at_review": "사회",
      "created_at": "2025-05-26T11:09:49.200287",
      "updated_at": "2025-05-26T11:09:49.200290"
    }
  },
  {
    "model": "reviews.review",
    "pk": 30,
    "fields": {
      "user": 20,
      "book": 47,
      "rating": 5,
      "content": "Neque recusandae commodi nobis quasi. Nihil quas omnis. Magnam natus blanditiis atque delectus.",
      "book_category_at_review": "철학",
      "created_at": "2025-05-26T11:09:49.200315",
      "updated_at": "2025-05-26T11:09:49.200316"
    }
  },
  {
    "model": "reviews.comment",
    "pk": 1,
    "fields": {
      "review": 13,
      "user": 20,
      "content": "Quos unde cum voluptas voluptas nobis dolorum.",
      "created_at": "2025-05-26T11:09:49.200486"
    }
  },
  {
    "model": "reviews.comment",
    "pk": 2,
    "fields": {
      "review": 16,
      "user": 15,
      "content": "Magni veritatis nam qui minus harum voluptate.",
      "created_at": "2025-05-26T11:09:49.200501"
    }
  },
  {
    "model": "reviews.comment",
    "pk": 3,
    "fields": {
      "review": 21,
      "user": 14,
      "content": "Consequatur aliquid sed quo.",
      "created_at": "2025-05-26T11:09:49.200511"
    }
  },
  {
    "model": "reviews.comment",
    "pk": 4,
    "fields": {
      "review": 19,
      "user": 19,
      "content": "Aliquid dolorum accusantium voluptatum autem.",
      "created_at": "2025-05-26T11:09:49.200521"
    }
  },
  {
    "model": "reviews.comment",
    "pk": 5,
    "fields": {
      "review": 7,
      "user": 9,
      "content": "Beatae voluptatem iusto in possimus iusto.",
      "created_at": "2025-05-26T11:09:49.200532"
    }
  },
  {
    "model": "reviews.comment",
    "pk": 6,
    "fields": {
      "review": 30,
      "user": 7,
      "content": "Architecto expedita impedit.",
      "created_at": "2025-05-26T11:09:49.200543"
    }
  },
  {
    "model": "reviews.comment",
    "pk": 7,
    "fields": {
      "review": 27,
      "user": 4,
      "content": "Quibusdam pariatur facere eligendi pariatur vel.",
      "created_at": "2025-05-26T11:09:49.200553"
    }
  },
  {
    "model": "reviews.comment",
    "pk": 8,
    "fields": {
      "review": 5,
      "user": 1,
      "content": "Reiciendis ullam nam totam ex.",
      "created_at": "2025-05-26T11:09:49.200565"
    }
  },
  {
    "model": "reviews.comment",
    "pk": 9,
    "fields": {
      "review": 12,
      "user": 3,
      "content": "Culpa iure ducimus.",
      "created_at": "2025-05-26T11:09:49.200575"
    }
  },
  {
    "model": "reviews.comment",
    "pk": 10,
    "fields": {
      "review": 18,
      "user": 3,
      "content": "Optio possimus eaque a vero numquam eum.",
      "created_at": "2025-05-26T11:09:49.200587"
    }
  },
  {
    "model": "reviews.comment",
    "pk": 11,
    "fields": {
      "review": 6,
      "user": 20,
      "content": "Ut consequatur eos.",
      "created_at": "2025-05-26T11:09:49.200601"
    }
  },
  {
    "model": "reviews.comment",
    "pk": 12,
    "fields": {
      "review": 29,
      "user": 10,
      "content": "Itaque itaque repellat sapiente praesentium.",
      "created_at": "2025-05-26T11:09:49.200614"
    }
  },
  {
    "model": "reviews.comment",
    "pk": 13,
    "fields": {
      "review": 9,
      "user": 7,
      "content": "Aut pariatur aperiam quaerat doloribus.",
      "created_at": "2025-05-26T11:09:49.200624"
    }
  },
  {
    "model": "reviews.comment",
    "pk": 14,
    "fields": {
      "review": 25,
      "user": 5,
      "content": "Odio molestias vel dolorem unde quo.",
      "created_at": "2025-05-26T11:09:49.200634"
    }
  },
  {
    "model": "reviews.comment",
    "pk": 15,
    "fields": {
      "review": 25,
      "user": 6,
      "content": "Impedit sequi eos repudiandae.",
      "created_at": "2025-05-26T11:09:49.200644"
    }
  },
  {
    "model": "reviews.comment",
    "pk": 16,
    "fields": {
      "review": 3,
      "user": 7,
      "content": "Saepe repellendus delectus sit.",
      "created_at": "2025-05-26T11:09:49.200655"
    }
  },
  {
    "model": "reviews.comment",
    "pk": 17,
    "fields": {
      "review": 11,
      "user": 3,
      "content": "At sequi similique.",
      "created_at": "2025-05-26T11:09:49.200670"
    }
  },
  {
    "model": "reviews.comment",
    "pk": 18,
    "fields": {
      "review": 29,
      "user": 4,
      "content": "Id iusto reiciendis accusantium excepturi dicta tempora assumenda.",
      "created_at": "2025-05-26T11:09:49.200686"
    }
  },
  {
    "model": "reviews.comment",
    "pk": 19,
    "fields": {
      "review": 1,
      "user": 7,
      "content": "Culpa pariatur laudantium reprehenderit corrupti quasi.",
      "created_at": "2025-05-26T11:09:49.200704"
    }
  },
  {
    "model": "reviews.comment",
    "pk": 20,
    "fields": {
      "review": 30,
      "user": 17,
      "content": "Quas quos mollitia in deserunt.",
      "created_at": "2025-05-26T11:09:49.200720"
    }
  },
  {
    "model": "reviews.comment",
    "pk": 21,
    "fields": {
      "review": 27,
      "user": 3,
      "content": "Harum laborum ipsa repellendus tenetur.",
      "created_at": "2025-05-26T11:09:49.200736"
    }
  },
  {
    "model": "reviews.comment",
    "pk": 22,
    "fields": {
      "review": 12,
      "user": 17,
      "content": "Ullam ratione quisquam tempore.",
      "created_at": "2025-05-26T11:09:49.200748"
    }
  },
  {
    "model": "reviews.comment",
    "pk": 23,
    "fields": {
      "review": 17,
      "user": 3,
      "content": "Officiis quis illo sed optio dolores.",
      "created_at": "2025-05-26T11:09:49.200762"
    }
  },
  {
    "model": "reviews.comment",
    "pk": 24,
    "fields": {
      "review": 30,
      "user": 15,
      "content": "Deserunt in accusantium ratione.",
      "created_at": "2025-05-26T11:09:49.200778"
    }
  },
  {
    "model": "reviews.comment",
    "pk": 25,
    "fields": {
      "review": 11,
      "user": 18,
      "content": "Dolores odit deleniti nobis.",
      "created_at": "2025-05-26T11:09:49.200793"
    }
  },
  {
    "model": "reviews.comment",
    "pk": 26,
    "fields": {
      "review": 1,
      "user": 14,
      "content": "Iusto sint cumque laudantium deserunt molestias.",
      "created_at": "2025-05-26T11:09:49.200803"
    }
  },
  {
    "model": "reviews.comment",
    "pk": 27,
    "fields": {
      "review": 18,
      "user": 7,
      "content": "Expedita nesciunt incidunt laboriosam velit beatae.",
      "created_at": "2025-05-26T11:09:49.200813"
    }
  },
  {
    "model": "reviews.comment",
    "pk": 28,
    "fields": {
      "review": 14,
      "user": 4,
      "content": "Totam tenetur incidunt ab.",
      "created_at": "2025-05-26T11:09:49.200822"
    }
  },
  {
    "model": "reviews.comment",
    "pk": 29,
    "fields": {
      "review": 2,
      "user": 6,
      "content": "Quasi reiciendis cupiditate magni incidunt incidunt.",
      "created_at": "2025-05-26T11:09:49.200837"
    }
  },
  {
    "model": "reviews.comment",
    "pk": 30,
    "fields": {
      "review": 21,
      "user": 15,
      "content": "Id facere voluptate excepturi eius ducimus at.",
      "created_at": "2025-05-26T11:09:49.200853"
    }
  },
  {
    "model": "reviews.like",
    "pk": 1,
    "fields": {
      "user": 15,
      "review": 13,
      "created_at": "2025-05-26T11:09:49.201106"
    }
  },
  {
    "model": "reviews.like",
    "pk": 2,
    "fields": {
      "user": 5,
      "review": 19,
      "created_at": "2025-05-26T11:09:49.201114"
    }
  },
  {
    "model": "reviews.like",
    "pk": 3,
    "fields": {
      "user": 1,
      "review": 21,
      "created_at": "2025-05-26T11:09:49.201117"
    }
  },
  {
    "model": "reviews.like",
    "pk": 4,
    "fields": {
      "user": 8,
      "review": 24,
      "created_at": "2025-05-26T11:09:49.201120"
    }
  },
  {
    "model": "reviews.like",
    "pk": 5,
    "fields": {
      "user": 10,
      "review": 19,
      "created_at": "2025-05-26T11:09:49.201124"
    }
  },
  {
    "model": "reviews.like",
    "pk": 6,
    "fields": {
      "user": 4,
      "review": 28,
      "created_at": "2025-05-26T11:09:49.201127"
    }
  },
  {
    "model": "reviews.like",
    "pk": 7,
    "fields": {
      "user": 3,
      "review": 4,
      "created_at": "2025-05-26T11:09:49.201130"
    }
  },
  {
    "model": "reviews.like",
    "pk": 8,
    "fields": {
      "user": 20,
      "review": 15,
      "created_at": "2025-05-26T11:09:49.201136"
    }
  },
  {
    "model": "reviews.like",
    "pk": 9,
    "fields": {
      "user": 9,
      "review": 20,
      "created_at": "2025-05-26T11:09:49.201139"
    }
  },
  {
    "model": "reviews.like",
    "pk": 10,
    "fields": {
      "user": 14,
      "review": 16,
      "created_at": "2025-05-26T11:09:49.201143"
    }
  },
  {
    "model": "reviews.like",
    "pk": 11,
    "fields": {
      "user": 15,
      "review": 12,
      "created_at": "2025-05-26T11:09:49.201146"
    }
  },
  {
    "model": "reviews.like",
    "pk": 12,
    "fields": {
      "user": 19,
      "review": 6,
      "created_at": "2025-05-26T11:09:49.201149"
    }
  },
  {
    "model": "reviews.like",
    "pk": 13,
    "fields": {
      "user": 1,
      "review": 28,
      "created_at": "2025-05-26T11:09:49.201152"
    }
  },
  {
    "model": "reviews.like",
    "pk": 15,
    "fields": {
      "user": 20,
      "review": 23,
      "created_at": "2025-05-26T11:09:49.201158"
    }
  },
  {
    "model": "reviews.like",
    "pk": 16,
    "fields": {
      "user": 2,
      "review": 17,
      "created_at": "2025-05-26T11:09:49.201162"
    }
  },
  {
    "model": "reviews.like",
    "pk": 17,
    "fields": {
      "user": 10,
      "review": 11,
      "created_at": "2025-05-26T11:09:49.201167"
    }
  },
  {
    "model": "reviews.like",
    "pk": 18,
    "fields": {
      "user": 9,
      "review": 15,
      "created_at": "2025-05-26T11:09:49.201171"
    }
  },
  {
    "model": "reviews.like",
    "pk": 19,
    "fields": {
      "user": 5,
      "review": 12,
      "created_at": "2025-05-26T11:09:49.201176"
    }
  },
  {
    "model": "reviews.like",
    "pk": 20,
    "fields": {
      "user": 9,
      "review": 17,
      "created_at": "2025-05-26T11:09:49.201182"
    }
  },
  {
    "model": "reviews.like",
    "pk": 21,
    "fields": {
      "user": 9,
      "review": 7,
      "created_at": "2025-05-26T11:09:49.201186"
    }
  },
  {
    "model": "reviews.like",
    "pk": 22,
    "fields": {
      "user": 17,
      "review": 14,
      "created_at": "2025-05-26T11:09:49.201191"
    }
  },
  {
    "model": "reviews.like",
    "pk": 23,
    "fields": {
      "user": 19,
      "review": 22,
      "created_at": "2025-05-26T11:09:49.201195"
    }
  },
  {
    "model": "reviews.like",
    "pk": 24,
    "fields": {
      "user": 17,
      "review": 11,
      "created_at": "2025-05-26T11:09:49.201200"
    }
  },
  {
    "model": "reviews.like",
    "pk": 25,
    "fields": {
      "user": 2,
      "review": 22,
      "created_at": "2025-05-26T11:09:49.201206"
    }
  },
  {
    "model": "reviews.like",
    "pk": 26,
    "fields": {
      "user": 6,
      "review": 3,
      "created_at": "2025-05-26T11:09:49.201211"
    }
  },
  {
    "model": "reviews.like",
    "pk": 27,
    "fields": {
      "user": 10,
      "review": 21,
      "created_at": "2025-05-26T11:09:49.201216"
    }
  },
  {
    "model": "reviews.like",
    "pk": 28,
    "fields": {
      "user": 2,
      "review": 29,
      "created_at": "2025-05-26T11:09:49.201221"
    }
  },
  {
    "model": "reviews.like",
    "pk": 29,
    "fields": {
      "user": 18,
      "review": 21,
      "created_at": "2025-05-26T11:09:49.201226"
    }
  },
  {
    "model": "reviews.like",
    "pk": 30,
    "fields": {
      "user": 6,
      "review": 18,
      "created_at": "2025-05-26T11:09:49.201229"
    }
  }
]